{"cameraMode":{"drawMode":0,"name":"Shaded","section":"Shading Mode"},"sceneLighting":false,"audioPlay":false,"sceneViewState":{"m_AlwaysRefresh":false,"showFog":true,"showSkybox":false,"showFlares":true,"showImageEffects":true,"showParticleSystems":true,"showVisualEffectGraphs":true,"m_FxEnabled":true},"in2DMode":false,"pivot":{"x":-11.921013832092286,"y":5.745806694030762,"z":7.8711161613464359},"rotation":{"x":0.24675169587135316,"y":-0.2758478820323944,"z":0.07349998503923416,"w":0.9260746836662293},"size":0.42346251010894778,"orthographic":false}